,danceability,energy,key,speechiness,acousticness,instrumentalness,liveness,valence,tempo,duration_ms,time_signature,artist_name,release_date,song_name,song_name_formatted
0,0.662,0.928,8,0.132,0.0557,0.00122,0.127,0.824,105.067,205785,4,Girls' Generation,2017-08-04,Girls Are Back,girls-are-back
1,0.777,0.807,9,0.0517,0.0308,2.93e-05,0.228,0.732,129.984,222894,4,Girls' Generation,2017-08-04,All Night,all-night
2,0.709,0.867,1,0.0672,0.0406,0.0,0.275,0.877,120.022,199563,4,Girls' Generation,2017-08-04,Holiday,holiday
3,0.593,0.878,2,0.0469,0.199,1.42e-05,0.316,0.52,97.993,230635,4,Girls' Generation,2017-08-04,FAN,fan
4,0.49,0.931,4,0.237,0.049,3.58e-06,0.395,0.247,191.682,195631,4,Girls' Generation,2017-08-04,Only One,only-one
5,0.692,0.602,7,0.0253,0.0667,0.0,0.108,0.521,111.068,214251,4,Girls' Generation,2017-08-04,One Last Time,one-last-time
6,0.612,0.786,10,0.163,0.275,0.0,0.0725,0.729,98.913,200541,4,Girls' Generation,2017-08-04,Sweet Talk,sweet-talk
7,0.609,0.715,7,0.044,0.351,0.0,0.155,0.672,129.964,218022,4,Girls' Generation,2017-08-04,Love Is Bitter,love-is-bitter
8,0.631,0.711,7,0.0411,0.038,0.0,0.131,0.407,92.014,232616,4,Girls' Generation,2017-08-04,오랜 소원 It's You,you
9,0.433,0.651,2,0.037,0.125,0.0,0.229,0.378,171.882,241107,4,Girls' Generation,2017-08-04,Light Up the Sky,light-up-the-sky
10,0.754,0.788,2,0.0322,0.129,0.00274,0.0775,0.961,124.992,224258,4,Girls' Generation,2015-08-19,Lion Heart,lion-heart
11,0.697,0.832,4,0.05,0.00322,0.0,0.196,0.286,100.017,188609,4,Girls' Generation,2015-08-19,You Think,you-think
12,0.753,0.887,10,0.0359,0.111,1.43e-05,0.0729,0.946,122.981,193814,4,Girls' Generation,2015-08-19,PARTY,party
13,0.641,0.749,10,0.0475,0.67,4.99e-05,0.122,0.57,105.968,215940,4,Girls' Generation,2015-08-19,어떤 오후 One Afternoon,one-afternoon
14,0.585,0.789,0,0.0666,0.0577,0.0,0.755,0.577,129.93,219077,4,Girls' Generation,2015-08-19,Show Girls,show-girls
15,0.766,0.82,2,0.114,0.166,0.0,0.349,0.623,123.022,191311,4,Girls' Generation,2015-08-19,Fire Alarm,fire-alarm
16,0.68,0.833,0,0.0608,0.0449,0.0,0.772,0.553,155.916,203279,4,Girls' Generation,2015-08-19,Talk Talk,talk-talk
17,0.738,0.828,4,0.037,0.0349,1.25e-05,0.0547,0.334,130.002,172667,4,Girls' Generation,2015-08-19,Green Light,green-light
18,0.784,0.803,1,0.0416,0.0976,0.0,0.291,0.78,115.982,230822,4,Girls' Generation,2015-08-19,Paradise,paradise
19,0.752,0.866,2,0.0323,0.0883,0.0,0.209,0.582,99.979,206961,4,Girls' Generation,2015-08-19,Check,check
20,0.69,0.684,3,0.0521,0.00213,0.000538,0.184,0.87,128.062,197277,4,Girls' Generation,2015-08-19,Sign,sign
21,0.706,0.895,7,0.0843,0.293,0.0,0.0682,0.604,88.024,228638,4,Girls' Generation,2015-08-19,예감 Bump It,bump-it
22,0.772,0.839,9,0.123,0.209,0.0,0.568,0.691,122.976,221440,4,Girls' Generation,2014-10-15,GENIE,genie
23,0.741,0.899,1,0.0337,0.197,0.0,0.0918,0.752,99.962,201027,4,Girls' Generation,2014-10-15,Gee,gee
24,0.822,0.936,10,0.0943,0.0356,0.0,0.0845,0.867,122.003,213213,4,Girls' Generation,2014-10-15,MR.TAXI,
25,0.749,0.972,5,0.0424,0.0339,1.79e-05,0.18,0.567,143.997,188733,4,Girls' Generation,2014-10-15,Oh!,
26,0.85,0.9,11,0.0609,0.0692,1.2e-05,0.161,0.757,129.999,201853,4,Girls' Generation,2014-10-15,Run Devil Run - Dance ver.,run-devil-run-dance
27,0.711,0.963,7,0.0565,0.115,3.07e-06,0.788,0.945,128.001,197760,4,Girls' Generation,2014-10-15,HOOT,hoot
28,0.899,0.963,1,0.0926,0.161,0.0,0.246,0.904,114.987,227027,4,Girls' Generation,2014-10-15,The Boys - Japanese ver.,the-boys-japanese
29,0.809,0.781,7,0.0738,0.0597,8.44e-06,0.218,0.65,129.022,226987,4,Girls' Generation,2014-10-15,PAPARAZZI,paparazzi
30,0.723,0.83,2,0.0353,0.00767,0.0,0.367,0.648,117.987,198267,4,Girls' Generation,2014-10-15,FLOWER POWER,flower-power
31,0.605,0.932,7,0.189,0.021,0.00489,0.307,0.916,190.149,186960,4,Girls' Generation,2014-10-15,LOVE&GIRLS,
32,0.745,0.967,9,0.0958,0.0222,0.000996,0.346,0.569,119.999,190533,4,Girls' Generation,2014-10-15,GALAXY SUPERNOVA,galaxy-supernova
33,0.722,0.943,4,0.0966,0.0967,1.22e-05,0.198,0.517,113.039,235613,4,Girls' Generation,2014-10-15,Mr.Mr. - Japanese Version.,japanese
34,0.66,0.833,4,0.0379,0.035,0.0,0.208,0.833,120.051,186267,4,Girls' Generation,2014-10-15,Chain Reaction,chain-reaction
35,0.589,0.74,11,0.0348,0.0829,0.0,0.12,0.511,90.012,216920,4,Girls' Generation,2014-10-15,Indestructible,indestructible
36,0.411,0.652,9,0.0367,0.395,0.0,0.113,0.227,74.943,250133,4,Girls' Generation,2014-10-15,DIVINE,divine
37,0.714,0.832,2,0.0663,0.109,0.0,0.797,0.547,129.899,218400,4,Girls' Generation,2014-10-15,Show Girls,show-girls
38,0.772,0.839,9,0.123,0.209,0.0,0.568,0.691,122.976,221440,4,Girls' Generation,2014-07-23,GENIE,genie
39,0.741,0.899,1,0.0337,0.197,0.0,0.0918,0.752,99.962,201027,4,Girls' Generation,2014-07-23,Gee,gee
40,0.842,0.898,11,0.0655,0.0768,1.79e-05,0.167,0.757,130.004,201853,4,Girls' Generation,2014-07-23,Run Devil Run - Dance ver.,run-devil-run-dance
41,0.821,0.929,10,0.101,0.0386,0.0,0.0972,0.895,121.996,213213,4,Girls' Generation,2014-07-23,MR.TAXI,
42,0.734,0.731,7,0.0581,0.0137,0.0,0.0676,0.964,114.872,225560,4,Girls' Generation,2014-07-23,BAD GIRL,bad-girl
43,0.484,0.649,8,0.0452,0.123,0.0,0.136,0.333,82.992,234053,4,Girls' Generation,2014-07-23,Time Machine,time-machine
44,0.809,0.785,7,0.0816,0.0661,8.69e-06,0.179,0.631,129.036,226973,4,Girls' Generation,2014-07-23,PAPARAZZI,paparazzi
45,0.748,0.972,2,0.0425,0.0357,9.79e-06,0.186,0.562,143.995,188733,4,Girls' Generation,2014-07-23,Oh!,
46,0.474,0.827,8,0.0878,0.0862,0.0,0.128,0.624,167.822,223200,4,Girls' Generation,2014-07-23,ALL MY LOVE IS FOR YOU,all-my-love-is-for-you
47,0.725,0.835,2,0.0343,0.00674,0.0,0.354,0.689,117.977,198267,4,Girls' Generation,2014-07-23,FLOWER POWER,flower-power
48,0.813,0.898,11,0.0617,0.403,0.0,0.267,0.965,144.036,201907,4,Girls' Generation,2014-07-23,BEEP BEEP,beep-beep
49,0.601,0.936,7,0.193,0.0212,0.00836,0.3,0.923,190.061,186960,4,Girls' Generation,2014-07-23,LOVE&GIRLS,
50,0.739,0.972,9,0.0944,0.0245,0.000399,0.345,0.574,120.034,190547,4,Girls' Generation,2014-07-23,GALAXY SUPERNOVA,galaxy-supernova
51,0.797,0.871,2,0.0757,0.224,0.147,0.117,0.965,124.989,190427,4,Girls' Generation,2014-07-23,My oh My,my-oh-my
52,0.723,0.941,4,0.0912,0.0913,6.19e-06,0.19,0.51,113.046,236107,4,Girls' Generation,2014-07-23,Mr.Mr. - Japanese ver.,japanese
53,0.338,0.74,11,0.0414,0.0773,0.0,0.112,0.529,89.256,217707,4,Girls' Generation,2014-07-23,Indestructible,indestructible
54,0.702,0.972,1,0.112,0.025,5.37e-06,0.266,0.62,135.032,196107,4,Girls' Generation,2013-12-11,Gossip Girls,gossip-girls
55,0.691,0.923,0,0.103,0.00508,4.46e-06,0.312,0.685,125.866,211293,4,Girls' Generation,2013-12-11,motorcycle,motorcycle
56,0.525,0.917,4,0.1,0.00237,0.00895,0.317,0.577,159.931,243973,4,Girls' Generation,2013-12-11,FLYERS,
57,0.744,0.967,9,0.0938,0.0221,0.000988,0.348,0.583,120.028,190560,4,Girls' Generation,2013-12-11,GALAXY SUPERNOVA,galaxy-supernova
58,0.603,0.932,7,0.177,0.02,0.0121,0.275,0.928,190.084,186813,4,Girls' Generation,2013-12-11,LOVE&GIRLS,
59,0.81,0.899,11,0.0617,0.37,0.0,0.235,0.965,144.002,201827,4,Girls' Generation,2013-12-11,BEEP BEEP,beep-beep
60,0.795,0.869,2,0.0735,0.214,0.12,0.111,0.965,124.992,190427,4,Girls' Generation,2013-12-11,My oh My,my-oh-my
61,0.669,0.913,5,0.0739,0.358,1.59e-05,0.0506,0.819,105.017,228907,4,Girls' Generation,2013-12-11,LIPS,lips
62,0.665,0.964,0,0.0573,0.0241,0.0,0.121,0.71,129.96,241653,4,Girls' Generation,2013-12-11,DO THE CATWALK,do-the-catwalk
63,0.739,0.89,10,0.0574,0.0648,0.00292,0.0622,0.812,125.987,192920,4,Girls' Generation,2013-12-11,Karma Butterfly,karma-butterfly
64,0.76,0.844,7,0.0415,0.147,0.0,0.0398,0.791,97.054,187280,4,Girls' Generation,2013-12-11,リンガ・フランカ,
65,0.584,0.873,9,0.0466,0.0043,0.0,0.0996,0.72,160.058,210480,4,Girls' Generation,2013-12-11,Everyday Love,everyday-love
66,0.502,0.863,4,0.272,0.0342,0.0,0.538,0.527,97.911,271326,4,Girls' Generation,2013-01-01,I GOT A BOY,i-got-a-boy
67,0.717,0.917,0,0.0322,0.405,1.88e-06,0.151,0.961,129.985,215280,4,Girls' Generation,2013-01-01,Dancing Queen,dancing-queen
68,0.797,0.714,8,0.0376,0.126,0.0,0.686,0.598,114.982,222525,4,Girls' Generation,2013-01-01,Baby Maybe,baby-maybe
69,0.695,0.813,9,0.251,0.091,0.0,0.0812,0.801,100.093,166380,4,Girls' Generation,2013-01-01,말해봐 (Talk Talk),
70,0.651,0.637,5,0.0277,0.189,0.0,0.199,0.267,119.955,195343,4,Girls' Generation,2013-01-01,Promise,promise
71,0.53,0.852,0,0.0483,0.028,1.32e-05,0.173,0.677,126.014,206662,4,Girls' Generation,2013-01-01,Express 999,express-999
72,0.563,0.557,8,0.0339,0.638,0.0,0.117,0.25,135.866,239903,4,Girls' Generation,2013-01-01,유리아이 (Lost In Love),in
73,0.64,0.893,2,0.13,0.00738,0.00202,0.0746,0.566,172.87,181263,4,Girls' Generation,2013-01-01,Look At Me,look-at-me
74,0.736,0.915,8,0.0958,0.0881,2.29e-05,0.308,0.789,130.02,195233,4,Girls' Generation,2013-01-01,XYZ,
75,0.682,0.567,1,0.0358,0.797,0.0,0.0945,0.34,123.944,239711,4,Girls' Generation,2013-01-01,낭만길 (Romantic St.),
76,0.721,0.817,2,0.033,0.00393,0.0,0.344,0.661,117.999,198200,4,Girls' Generation,2012-01-01,FLOWER POWER,flower-power
77,0.658,0.902,6,0.0776,0.00933,1.89e-06,0.116,0.609,126.119,188267,4,Girls' Generation,2012-01-01,Animal,animal
78,0.727,0.879,10,0.0398,0.0098,2.34e-05,0.293,0.75,124.984,176573,4,Girls' Generation,2012-01-01,I’m a Diamond,a-diamond
79,0.651,0.932,11,0.1,0.000893,1.11e-05,0.316,0.887,125.002,230467,4,Girls' Generation,2012-01-01,Reflection,reflection
80,0.425,0.809,5,0.0378,0.428,0.0,0.371,0.663,171.887,200467,4,Girls' Generation,2012-01-01,Stay Girls,stay-girls
81,0.753,0.789,8,0.0402,0.182,0.0,0.0784,0.647,107.992,217907,4,Girls' Generation,2012-01-01,T.O.P,
82,0.715,0.773,9,0.167,0.279,0.0,0.0554,0.829,100.02,170987,4,Girls' Generation,2012-01-01,BOOMERANG,boomerang
83,0.751,0.97,5,0.0416,0.0349,1.49e-05,0.186,0.591,144.016,188560,4,Girls' Generation,2012-01-01,Oh!,
84,0.475,0.827,8,0.0749,0.0815,0.0,0.128,0.612,167.859,223720,4,Girls' Generation,2012-01-01,ALL MY LOVE IS FOR YOU,all-my-love-is-for-you
85,0.811,0.775,7,0.0749,0.0638,1.45e-05,0.224,0.664,129.038,226653,4,Girls' Generation,2012-01-01,PAPARAZZI,paparazzi
86,0.713,0.988,1,0.0941,0.103,0.0,0.0353,0.757,137.964,199587,4,Girls' Generation,2012-01-01,Girls & Peace,girls-peace
87,0.532,0.493,0,0.0299,0.224,2.7e-06,0.139,0.231,139.968,211333,4,Girls' Generation,2012-01-01,Not Alone,not-alone
88,0.5,0.871,4,0.262,0.0327,0.0,0.514,0.547,97.921,271333,4,Girls' Generation,2012-01-01,I Got A Boy,i-got-a-boy
89,0.716,0.916,0,0.0328,0.403,3.27e-06,0.16,0.961,129.989,215280,4,Girls' Generation,2012-01-01,Dancing Queen,dancing-queen
90,0.793,0.71,8,0.0399,0.132,0.0,0.701,0.578,114.99,222533,4,Girls' Generation,2012-01-01,Baby Maybe,baby-maybe
91,0.695,0.814,9,0.25,0.0935,0.0,0.085,0.777,100.108,166387,4,Girls' Generation,2012-01-01,Talk Talk,talk-talk
92,0.653,0.639,5,0.0276,0.215,0.0,0.207,0.268,119.972,195347,4,Girls' Generation,2012-01-01,Promise,promise
93,0.53,0.854,0,0.0463,0.027,2.3e-05,0.156,0.706,126.019,206667,4,Girls' Generation,2012-01-01,Express 999,express-999
94,0.387,0.556,8,0.0373,0.645,0.0,0.111,0.248,135.808,239907,4,Girls' Generation,2012-01-01,Lost In Love,lost-in-love
95,0.636,0.897,2,0.132,0.00698,0.000957,0.0735,0.567,172.877,181267,4,Girls' Generation,2012-01-01,Look At Me,look-at-me
96,0.734,0.913,8,0.0954,0.0964,1.58e-05,0.369,0.81,130.009,195240,4,Girls' Generation,2012-01-01,XYZ,
97,0.675,0.566,1,0.0411,0.799,0.0,0.0967,0.325,123.964,239720,4,Girls' Generation,2012-01-01,Romantic St.,romantic
98,0.809,0.884,1,0.0494,0.247,0.0,0.297,0.962,110.023,206733,4,Girls' Generation,2012-01-01,Twinkle,twinkle
99,0.652,0.715,2,0.0261,0.378,0.0,0.118,0.248,95.041,235413,4,Girls' Generation,2012-01-01,Baby Steps - Live,baby-steps-live
100,0.718,0.949,7,0.225,0.0934,1.73e-05,0.392,0.779,137.836,204440,4,Girls' Generation,2012-01-01,Oh My God - Live,oh-my-god-live
101,0.709,0.857,3,0.0406,0.0202,0.0,0.0695,0.712,130.013,242187,4,Girls' Generation,2012-01-01,Library - Live,library-live
102,0.756,0.883,3,0.0284,0.257,1.81e-06,0.0685,0.662,126.978,231440,4,Girls' Generation,2012-01-01,"Good-bye, Hello - Live",hello-live
103,0.663,0.695,5,0.0369,0.569,0.0,0.12,0.601,128.01,205013,4,Girls' Generation,2012-01-01,Love Sick - Live,love-sick-live
104,0.815,0.848,10,0.0571,0.0383,0.000127,0.12,0.722,111.988,206293,4,Girls' Generation,2012-01-01,Checkmate - Live,checkmate-live
105,0.644,0.962,11,0.0534,0.0424,0.0,0.0885,0.761,112.016,230400,4,Girls' Generation,2011-01-01,Girls' Generation,generation
106,0.642,0.941,4,0.0533,0.203,0.0,0.323,0.904,78.008,234813,4,Girls' Generation,2011-01-01,Ooh La-La!,ooh
107,0.704,0.871,6,0.0605,0.452,0.0,0.226,0.834,95.027,191520,4,Girls' Generation,2011-01-01,Baby Baby,baby-baby
108,0.54,0.627,4,0.0285,0.506,0.0,0.158,0.315,79.977,236973,4,Girls' Generation,2011-01-01,Complete,complete
109,0.747,0.826,8,0.0349,0.671,0.0,0.248,0.781,117.975,199240,4,Girls' Generation,2011-01-01,Kissing you,kissing-you
110,0.712,0.745,1,0.0315,0.224,0.0,0.169,0.644,99.964,194853,4,Girls' Generation,2011-01-01,Merry-go-round,
111,0.586,0.69,9,0.0338,0.619,0.0,0.25,0.375,132.03,233467,4,Girls' Generation,2011-01-01,Tears,tears
112,0.654,0.757,4,0.0259,0.652,0.0,0.231,0.681,99.98,176067,4,Girls' Generation,2011-01-01,Tinkerbell,
113,0.792,0.596,5,0.0307,0.411,0.0,0.0864,0.365,98.986,210987,4,Girls' Generation,2011-01-01,7989,7989
114,0.749,0.816,2,0.0288,0.48,0.0,0.0915,0.646,104.964,195093,4,Girls' Generation,2011-01-01,Honey,honey
115,0.707,0.904,7,0.0338,0.0665,0.0,0.115,0.627,108.032,266200,4,Girls' Generation,2011-01-01,Into the New World,into-the-new-world
116,0.661,0.922,10,0.0421,0.0589,5.91e-06,0.286,0.783,118.015,185240,4,Girls' Generation,2011-01-01,Kissing you - Skool Rock remix,kissing-you-rock-remix
117,0.467,0.908,6,0.0671,0.21,0.0,0.265,0.678,115.602,586133,4,Girls' Generation,2011-01-01,Let' go Girls' Generation! - Extended Version,go-extended-version
118,0.451,0.903,6,0.0698,0.233,1.44e-06,0.208,0.71,115.597,378400,4,Girls' Generation,2011-01-01,Let' go Girls' Generation! - Short Version,go-short-version
119,0.826,0.926,10,0.0976,0.0607,0.0,0.0961,0.903,121.997,213347,4,Girls' Generation,2011-01-01,MR.TAXI,
120,0.794,0.727,4,0.133,0.119,1.48e-06,0.556,0.603,122.964,222400,4,Girls' Generation,2011-01-01,GENIE,genie
121,0.699,0.841,5,0.129,0.22,0.0,0.226,0.888,123.894,209507,4,Girls' Generation,2011-01-01,you-aholic,
122,0.855,0.815,11,0.0586,0.0537,7.17e-06,0.117,0.697,130.023,201467,4,Girls' Generation,2011-01-01,Run Devil Run - Dance ver.,run-devil-run-dance
123,0.739,0.714,7,0.0569,0.011,1.39e-06,0.0696,0.966,114.908,224333,4,Girls' Generation,2011-01-01,BAD GIRL,bad-girl
124,0.658,0.575,10,0.034,0.00263,3.08e-06,0.13,0.233,130.032,162933,4,Girls' Generation,2011-01-01,Beautiful Stranger,beautiful-stranger
125,0.611,0.824,6,0.0402,0.000209,3.19e-05,0.243,0.532,119.985,168813,4,Girls' Generation,2011-01-01,I’m In Love With The HERO,in-love-with-the-hero
126,0.552,0.844,11,0.0589,0.0115,0.0,0.0541,0.628,179.893,220893,4,Girls' Generation,2011-01-01,Let It Rain,let-it-rain
127,0.801,0.853,1,0.0262,0.213,0.0,0.07,0.752,99.981,201653,4,Girls' Generation,2011-01-01,Gee,gee
128,0.752,0.814,9,0.107,0.0818,5.13e-06,0.0108,0.858,128.01,229653,4,Girls' Generation,2011-01-01,THE GREAT ESCAPE,the-great-escape
129,0.744,0.932,7,0.0434,0.115,7.88e-06,0.836,0.927,128.019,197920,4,Girls' Generation,2011-01-01,HOOT,hoot
130,0.561,0.715,2,0.0443,0.00735,0.0,0.157,0.61,166.34,236720,4,Girls' Generation,2011-01-01,BORN TO BE A LADY,born-to-be-a-lady
131,0.291,0.969,4,0.192,0.0248,0.846,0.655,0.141,150.11,278240,4,Girls' Generation,2011-01-01,Nine Angels - Live,nine-angels-live
132,0.716,0.937,6,0.0715,0.0316,2.11e-05,0.629,0.639,123.03,234227,4,Girls' Generation,2011-01-01,Genie ((OT :I Just Wanna Dance) - Live,genie-just-wanna-live
133,0.743,0.969,7,0.0509,0.0136,0.0131,0.439,0.733,125.492,241627,4,Girls' Generation,2011-01-01,Show! Show! Show! - Live,live
134,0.634,0.949,11,0.0497,0.0755,0.0,0.921,0.654,112.0,232987,4,Girls' Generation,2011-01-01,Girls' Generation - Live,generation-live
135,0.607,0.891,4,0.107,0.19,0.0,0.946,0.597,90.014,214880,4,Girls' Generation,2011-01-01,Beginning (Original Title : 2 BLOCKS DOWN) - Live,beginning-title-2-blocks-live
136,0.688,0.808,5,0.049,0.201,0.0,0.82,0.735,119.996,211400,4,Girls' Generation,2011-01-01,It's Fantastic - Live,fantastic-live
137,0.674,0.85,7,0.054,0.448,0.0,0.43,0.758,133.947,184040,4,Girls' Generation,2011-01-01,Etude - Live,live
138,0.633,0.938,4,0.0706,0.421,0.000246,0.905,0.866,80.012,231893,4,Girls' Generation,2011-01-01,Ooh La-La! - Live,ooh-live
139,0.664,0.963,8,0.0453,0.525,1.74e-06,0.946,0.844,126.021,202573,4,Girls' Generation,2011-01-01,Kissing You - Live,kissing-you-live
140,0.549,0.616,11,0.031,0.579,1.35e-05,0.205,0.193,129.668,243027,4,Girls' Generation,2011-01-01,One Year Later - Live,one-year-later-live
141,0.673,0.889,3,0.0654,0.643,0.0,0.613,0.82,102.076,173453,4,Girls' Generation,2011-01-01,JOEUNSARAM ITSEUMYEON SOGESI KYEOJUO - Live,live
142,0.77,0.861,0,0.0331,0.01,0.00343,0.314,0.851,125.015,187680,4,Girls' Generation,2011-01-01,Sunny - Live,sunny-live
143,0.377,0.67,1,0.234,0.527,0.0,0.289,0.443,174.067,199080,4,Girls' Generation,2011-01-01,Umbrella - Live,umbrella-live
144,0.615,0.859,10,0.0944,0.0984,0.0,0.967,0.514,129.842,214653,4,Girls' Generation,2011-01-01,Hush Hush;Hush Hush - Live,hush-hush-live
145,0.93,0.889,2,0.144,0.257,0.00251,0.105,0.627,129.977,223427,4,Girls' Generation,2011-01-01,Chocolate Love - Live,chocolate-love-live
146,0.749,0.591,11,0.0248,0.63,0.0,0.46,0.58,104.995,194853,4,Girls' Generation,2011-01-01,Honey (OT : Perfect for you) - Live,honey-perfect-for-live
147,0.561,0.597,3,0.0352,0.7,3.97e-05,0.15,0.359,133.916,279733,4,Girls' Generation,2011-01-01,Dear. Mom - Live,mom-live
148,0.49,0.763,4,0.0487,0.67,1.1e-06,0.941,0.25,73.878,271240,4,Girls' Generation,2011-01-01,Forever - Live,forever-live
149,0.61,0.685,8,0.0321,0.569,1.13e-05,0.284,0.628,100.98,231400,4,Girls' Generation,2011-01-01,Day By Day - Live,day-by-day-live
150,0.641,0.848,6,0.046,0.637,4.34e-05,0.656,0.533,119.918,216080,4,Girls' Generation,2011-01-01,My Child - Live,my-child-live
151,0.777,0.967,0,0.103,0.127,0.0,0.659,0.666,130.012,192573,4,Girls' Generation,2011-01-01,Barbie Girl - Live,barbie-girl-live
152,0.727,0.468,9,0.0314,0.577,0.0,0.817,0.638,111.83,186160,4,Girls' Generation,2011-01-01,Santa Baby - Live,santa-baby-live
153,0.72,0.273,10,0.0727,0.952,0.931,0.0896,0.576,136.266,43773,3,Girls' Generation,2011-01-01,Alborada del gracioso - Live,live
154,0.525,0.36,3,0.0329,0.71,0.0,0.196,0.52,124.314,113107,4,Girls' Generation,2011-01-01,Sixteen Going On Seventeen - Live,sixteen-going-on-seventeen-live
155,0.238,0.319,0,0.032,0.946,0.00473,0.574,0.236,71.171,189640,4,Girls' Generation,2011-01-01,Over The Rainbow - Live,over-the-rainbow-live
156,0.87,0.791,2,0.103,0.312,1.94e-06,0.333,0.798,113.015,160000,4,Girls' Generation,2011-01-01,"1,2 Step - Live",step-live
157,0.715,0.868,7,0.0442,0.171,0.0,0.444,0.562,108.015,268253,4,Girls' Generation,2011-01-01,Into The New World - Live,into-the-new-world-live
158,0.756,0.957,1,0.179,0.131,0.0,0.824,0.642,125.015,212427,4,Girls' Generation,2011-01-01,Be Happy - Live,be-happy-live
159,0.417,0.962,5,0.278,0.168,0.0,0.844,0.395,179.781,183240,4,Girls' Generation,2011-01-01,Way To Go - Live,way-to-go-live
160,0.71,0.921,1,0.0338,0.397,0.0,0.452,0.646,99.992,201027,4,Girls' Generation,2011-01-01,Gee - Live,gee-live
161,0.657,0.727,5,0.0301,0.0647,2.49e-06,0.909,0.525,112.983,311200,4,Girls' Generation,2011-01-01,Touch The Sky - Live,touch-the-sky-live
162,0.712,0.974,5,0.146,0.247,0.0,0.343,0.783,129.037,217493,4,Girls' Generation,2011-01-01,NAENG MYEON - Live,live
163,0.665,0.923,2,0.192,0.285,0.0,0.661,0.614,151.904,189413,4,Girls' Generation,2011-01-01,HaHaHaSong - Live,live
164,0.494,0.67,4,0.0363,0.633,2.37e-05,0.304,0.38,80.0,245867,4,Girls' Generation,2011-01-01,Complete - Live,complete-live
165,0.659,0.88,6,0.13,0.5,0.0,0.906,0.778,97.999,207507,4,Girls' Generation,2011-01-01,Baby Baby - Live,baby-baby-live
166,0.796,0.958,5,0.0766,0.0529,1.04e-06,0.83,0.591,144.043,193533,4,Girls' Generation,2011-01-01,Oh! - Live,live
167,0.658,0.616,8,0.035,0.42,0.0,0.128,0.388,107.092,236000,4,Girls' Generation,2011-01-01,Beautiful Girls - Live,beautiful-girls-live
168,0.481,0.566,4,0.0263,0.701,3.28e-05,0.104,0.384,62.431,166040,4,Girls' Generation,2011-01-01,Singing In The Rain - Live,singing-in-the-rain-live
169,0.858,0.928,10,0.0933,0.0286,0.0,0.0714,0.889,122.008,212733,4,Girls' Generation,2011-01-01,MR. TAXI (Original Title : Mr. Taxi),taxi-title
170,0.889,0.94,1,0.0886,0.149,0.0,0.171,0.869,114.995,226893,4,Girls' Generation,2011-01-01,The Boys,the-boys
171,0.728,0.901,10,0.0452,0.149,2.13e-05,0.413,0.741,128.024,223573,4,Girls' Generation,2011-01-01,Telepathy,telepathy
172,0.729,0.877,5,0.0567,0.127,1.72e-06,0.185,0.81,139.908,224680,4,Girls' Generation,2011-01-01,Say Yes,say-yes
173,0.67,0.879,6,0.0329,0.0858,0.0,0.0587,0.895,132.038,193560,4,Girls' Generation,2011-01-01,TRICK (Original Title : TYPICAL),trick-title
174,0.561,0.72,4,0.0316,0.157,0.0,0.271,0.428,134.122,232853,4,Girls' Generation,2011-01-01,How Great Is Your Love(Original Title : Still Believe In Love),how-great-is-your-title-still-believe-in
175,0.793,0.856,5,0.0361,0.386,0.0,0.169,0.864,121.015,231253,4,Girls' Generation,2011-01-01,My J,my-j
176,0.796,0.86,9,0.0385,0.0548,7.43e-06,0.622,0.632,100.045,201040,4,Girls' Generation,2011-01-01,OSCAR,oscar
177,0.766,0.8,9,0.0358,0.0363,1.54e-05,0.103,0.838,124.991,177093,4,Girls' Generation,2011-01-01,TOP SECRET (Original Title : Shake The Tree),top-secret-title-shake-the
178,0.746,0.701,0,0.0335,0.0249,0.0,0.623,0.725,137.976,183907,4,Girls' Generation,2011-01-01,Lazy Girl (Dolce Far Niente) (Original Title : Crazy Girl),lazy-girl-far-title-crazy
179,0.437,0.787,7,0.0355,0.684,0.0,0.252,0.439,159.812,228333,4,Girls' Generation,2011-01-01,Sunflower,sunflower
180,0.776,0.898,6,0.149,0.106,0.0,0.415,0.635,129.943,187133,4,Girls' Generation,2011-01-01,VITAMIN,vitamin
181,0.884,0.941,1,0.0748,0.183,0.0,0.243,0.923,114.982,226893,4,Girls' Generation,2011-01-01,The Boys,the-boys
182,0.898,0.965,1,0.0913,0.191,0.0,0.28,0.918,114.994,226160,4,Girls' Generation,2011-01-01,The Boys - Japanese ver.,the-boys-japanese
183,0.746,0.776,2,0.0575,0.000787,0.00846,0.3,0.696,128.013,291067,4,Girls' Generation,2011-01-01,THE GREAT ESCAPE - Brian Lee remix,the-great-escape-brian-lee-remix
184,0.804,0.733,4,0.071,0.00242,0.00942,0.116,0.317,125.021,268533,4,Girls' Generation,2011-01-01,BAD GIRL - The Cataracs remix,bad-girl-the-remix
185,0.371,0.596,3,0.0497,0.0915,0.0,0.132,0.363,165.77,233813,4,Girls' Generation,2011-01-01,Time Machine,time-machine
186,0.828,0.935,10,0.0938,0.0602,0.0,0.0998,0.892,121.993,213347,4,Girls' Generation,2011-01-01,MR.TAXI,
187,0.794,0.718,9,0.135,0.117,3.62e-06,0.555,0.602,122.961,221920,4,Girls' Generation,2011-01-01,GENIE,genie
188,0.799,0.849,1,0.026,0.209,0.0,0.0643,0.723,99.984,201667,4,Girls' Generation,2011-01-01,Gee,gee
189,0.612,0.82,6,0.0393,0.000253,1.85e-05,0.247,0.554,120.004,168813,4,Girls' Generation,2011-01-01,I’m In Love With The HERO,in-love-with-the-hero
190,0.746,0.931,7,0.0418,0.135,1.09e-05,0.822,0.934,128.0,197907,4,Girls' Generation,2011-01-01,HOOT,hoot
191,0.555,0.84,11,0.0519,0.0114,0.0,0.0537,0.665,179.894,220587,4,Girls' Generation,2011-01-01,Let It Rain,let-it-rain
192,0.658,0.602,10,0.0339,0.00222,3.06e-06,0.138,0.212,130.054,162933,4,Girls' Generation,2011-01-01,Beautiful Stranger,beautiful-stranger
193,0.709,0.837,5,0.123,0.194,0.0,0.168,0.865,123.917,209213,4,Girls' Generation,2011-01-01,you-aholic,
194,0.87,0.806,11,0.0544,0.0615,1.34e-05,0.123,0.702,130.008,201453,4,Girls' Generation,2011-01-01,Run Devil Run - Dance ver.,run-devil-run-dance
195,0.555,0.714,2,0.044,0.00874,0.0,0.168,0.572,166.149,236747,4,Girls' Generation,2011-01-01,BORN TO BE A LADY,born-to-be-a-lady
196,0.746,0.643,5,0.199,0.0429,0.000445,0.0901,0.733,129.975,303053,4,Girls' Generation,2011-01-01,MR.TAXI - Steve Aoki remix,steve-remix
197,0.808,0.891,11,0.0683,0.0585,3.13e-05,0.193,0.808,129.986,201920,4,Girls' Generation,2011-01-01,Run Devil Run,run-devil-run
198,0.771,0.959,2,0.0409,0.0241,4.71e-06,0.218,0.556,143.985,189213,4,Girls' Generation,2011-01-01,Oh!,
199,0.83,0.856,5,0.049,0.168,0.00146,0.107,0.871,120.934,211093,4,Girls' Generation,2011-01-01,ECHO,echo
200,0.535,0.523,0,0.032,0.585,0.0,0.217,0.355,133.103,269787,4,Girls' Generation,2011-01-01,Star Star Star(☆★☆)-Acoustic RnB ver.,star-star
201,0.741,0.968,7,0.0466,0.0162,0.0167,0.211,0.887,125.516,218360,4,Girls' Generation,2011-01-01,Show! Show! Show!,
202,0.755,0.82,8,0.0713,0.497,0.0,0.0763,0.739,121.973,210413,4,Girls' Generation,2011-01-01,Sweet Talking Baby,sweet-talking-baby
203,0.51,0.674,4,0.0421,0.475,0.0,0.16,0.372,147.846,269933,4,Girls' Generation,2011-01-01,Forever,forever
204,0.711,0.964,1,0.0776,0.00617,0.0381,0.259,0.706,124.995,210693,4,Girls' Generation,2011-01-01,Be Happy,be-happy
205,0.748,0.921,5,0.0868,0.0937,0.0,0.239,0.963,130.89,226560,4,Girls' Generation,2011-01-01,Boys & Girls,boys-girls
206,0.557,0.694,9,0.0677,0.189,0.0,0.0869,0.596,86.055,207307,4,Girls' Generation,2011-01-01,Talk To Me,talk-to-me
207,0.465,0.467,0,0.0299,0.779,6.65e-06,0.203,0.357,132.888,270240,4,Girls' Generation,2011-01-01,Star Star Star(☆★☆),star-star
208,0.654,0.985,9,0.116,0.062,0.000176,0.175,0.883,158.017,166680,4,Girls' Generation,2011-01-01,Stick Wit U,stick-wit-u
209,0.594,0.749,8,0.031,0.387,0.0,0.172,0.577,101.028,230707,4,Girls' Generation,2011-01-01,Day by Day,day-by-day
210,0.758,0.93,1,0.0272,0.275,0.0,0.107,0.741,99.988,201173,4,Girls' Generation,2011-01-01,Gee,gee
211,0.758,0.84,9,0.109,0.125,3.5e-06,0.73,0.727,122.987,229240,4,Girls' Generation,2011-01-01,Genie (OT:I JUST WANNA DANCE),genie-just-wanna
212,0.769,0.967,5,0.0437,0.0241,7.19e-06,0.225,0.446,143.965,188533,4,Girls' Generation,2011-01-01,Oh!,
213,0.742,0.964,7,0.0469,0.0183,0.0293,0.198,0.877,125.519,218347,4,Girls' Generation,2011-01-01,Show!Show!Show!,
214,0.756,0.831,8,0.073,0.492,0.0,0.0802,0.783,121.973,210413,4,Girls' Generation,2011-01-01,Sweet Talking Baby,sweet-talking-baby
215,0.502,0.662,6,0.0431,0.451,0.0,0.169,0.333,73.985,269933,4,Girls' Generation,2011-01-01,Forever,forever
216,0.709,0.961,1,0.0994,0.00544,0.0261,0.174,0.644,124.994,210693,4,Girls' Generation,2011-01-01,Be Happy,be-happy
217,0.751,0.92,5,0.088,0.0743,0.0,0.253,0.96,130.908,226560,4,Girls' Generation,2011-01-01,Boys & Girls (Feat. Key from SHINee),boys-girls-key-from
218,0.555,0.7,9,0.0819,0.178,0.0,0.0847,0.575,85.998,207307,4,Girls' Generation,2011-01-01,Talk To Me,talk-to-me
219,0.462,0.468,0,0.0304,0.788,8.06e-06,0.204,0.358,132.602,270240,4,Girls' Generation,2011-01-01,Star Star Star(☆★☆),star-star
220,0.658,0.985,9,0.117,0.0548,0.00019,0.177,0.894,158.023,166667,4,Girls' Generation,2011-01-01,Stick Wit U,stick-wit-u
221,0.584,0.74,8,0.0307,0.418,0.0,0.167,0.564,100.987,230720,4,Girls' Generation,2011-01-01,Day by Day,day-by-day
222,0.758,0.931,1,0.0274,0.267,0.0,0.104,0.744,99.982,201160,4,Girls' Generation,2011-01-01,Gee,gee
223,0.756,0.841,9,0.119,0.143,1.8e-06,0.73,0.727,122.979,229253,4,Girls' Generation,2011-01-01,Genie (OT:I JUST WANNA DANCE),genie-just-wanna
224,0.885,0.941,1,0.074,0.19,0.0,0.218,0.923,114.987,226890,4,Girls' Generation,2011-01-01,The Boys,the-boys
225,0.736,0.903,10,0.046,0.171,1.06e-05,0.35,0.726,128.013,225560,4,Girls' Generation,2011-01-01,Telepathy,telepathy
226,0.73,0.898,5,0.058,0.199,1.74e-06,0.132,0.874,139.94,226667,4,Girls' Generation,2011-01-01,Say Yes,say-yes
227,0.666,0.891,6,0.0349,0.0818,0.0,0.049,0.871,132.019,195547,4,Girls' Generation,2011-01-01,TRICK (Original Title : TYPICAL),trick-title
228,0.564,0.725,4,0.0311,0.147,0.0,0.278,0.385,134.121,234840,4,Girls' Generation,2011-01-01,How Great Is Your Love(Original Title : Still Believe In Love),how-great-is-your-title-still-believe-in
229,0.792,0.849,5,0.0346,0.396,0.0,0.153,0.84,121.044,233240,4,Girls' Generation,2011-01-01,My J,my-j
230,0.802,0.852,2,0.0402,0.0588,1.06e-05,0.129,0.569,99.986,203027,4,Girls' Generation,2011-01-01,OSCAR,oscar
231,0.76,0.862,9,0.0466,0.0359,2.98e-06,0.089,0.85,124.994,179080,4,Girls' Generation,2011-01-01,TOP SECRET (Original Title : Shake The Tree),top-secret-title-shake-the
232,0.745,0.696,0,0.0347,0.0266,0.0,0.476,0.701,137.998,185893,4,Girls' Generation,2011-01-01,Lazy Girl (Dolce Far Niente) (Original Title : Crazy Girl),lazy-girl-far-title-crazy
233,0.438,0.787,7,0.033,0.658,0.0,0.26,0.459,159.797,230320,4,Girls' Generation,2011-01-01,Sunflower,sunflower
234,0.775,0.899,6,0.143,0.111,0.0,0.315,0.635,129.96,189120,4,Girls' Generation,2011-01-01,VITAMIN,vitamin
235,0.86,0.936,10,0.0881,0.029,0.0,0.0905,0.881,122.034,212733,4,Girls' Generation,2011-01-01,MR. TAXI (Original Title : Mr. Taxi),taxi-title
236,0.871,0.943,1,0.0864,0.16,0.0,0.225,0.903,114.991,226893,4,Girls' Generation,2011-01-01,The Boys,the-boys
237,0.76,0.767,6,0.308,0.0189,6.84e-05,0.35,0.813,128.029,256777,4,Girls' Generation,2011-01-01,The Boys - Clinton Sparks & Disco Fries Remix,the-boys-clinton-sparks-disco-fries-remix
238,0.828,0.707,1,0.0884,0.0298,0.0,0.259,0.659,134.943,218720,4,Girls' Generation,2011-01-01,The Boys *Bring Dem Boys* - テディライリーリミックス,the-boys-dem
239,0.802,0.848,11,0.0415,0.0118,0.000294,0.363,0.866,127.992,265987,4,Girls' Generation,2011-01-01,The Boys *Bring The Boys Out* - David Anthony Remix,the-boys-the-boys-david-anthony-remix
240,0.854,0.904,6,0.0566,0.00962,0.000878,0.333,0.9,125.022,243187,4,Girls' Generation,2011-01-01,The Boys *Bring The Boys* - Teddy Riley Remix,the-boys-the-teddy-riley-remix
241,0.88,0.949,1,0.0808,0.183,0.0,0.187,0.942,114.976,226893,4,Girls' Generation,2011-01-01,The Boys,the-boys
242,0.736,0.904,7,0.0468,0.154,0.0,0.414,0.748,127.992,223573,4,Girls' Generation,2011-01-01,Telepathy,telepathy
243,0.727,0.897,5,0.0658,0.241,0.0,0.207,0.867,139.98,224680,4,Girls' Generation,2011-01-01,Say Yes,say-yes
244,0.666,0.899,6,0.0368,0.0842,0.0,0.0532,0.89,132.015,193560,4,Girls' Generation,2011-01-01,TRICK (Original Title : TYPICAL),trick-title
245,0.564,0.73,4,0.0323,0.201,0.0,0.293,0.44,134.068,232853,4,Girls' Generation,2011-01-01,How Great Is Your Love(Original Title : Still Believe In Love),how-great-is-your-title-still-believe-in
246,0.789,0.849,5,0.0377,0.419,0.0,0.179,0.857,121.036,231253,4,Girls' Generation,2011-01-01,My J,my-j
247,0.799,0.844,2,0.0415,0.0519,6.27e-06,0.459,0.645,100.029,201040,4,Girls' Generation,2011-01-01,OSCAR,oscar
248,0.754,0.864,9,0.0543,0.034,4.55e-06,0.0861,0.8,124.989,177093,4,Girls' Generation,2011-01-01,TOP SECRET (Original Title : Shake The Tree),top-secret-title-shake-the
249,0.748,0.72,0,0.0336,0.0273,0.0,0.641,0.738,138.019,183907,4,Girls' Generation,2011-01-01,Lazy Girl (Dolce Far Niente) (Original Title : Crazy Girl),lazy-girl-far-title-crazy
250,0.433,0.796,7,0.0372,0.682,0.0,0.252,0.455,159.799,228333,4,Girls' Generation,2011-01-01,Sunflower,sunflower
251,0.77,0.905,6,0.147,0.128,0.0,0.219,0.632,129.95,187133,4,Girls' Generation,2011-01-01,VITAMIN,vitamin
252,0.861,0.939,10,0.101,0.0371,0.0,0.0711,0.836,122.016,212733,4,Girls' Generation,2011-01-01,MR. TAXI (Original Title : Mr. Taxi),taxi-title
253,0.874,0.934,1,0.105,0.171,0.0,0.343,0.882,115.006,226907,4,Girls' Generation,2011-01-01,The Boys,the-boys
254,0.752,0.776,6,0.307,0.0199,4.49e-05,0.349,0.821,128.038,256787,4,Girls' Generation,2011-01-01,The Boys - Clinton Sparks & Disco Fries Remix,the-boys-clinton-sparks-disco-fries-remix
255,0.821,0.713,1,0.0882,0.0453,0.0,0.268,0.61,134.933,216733,4,Girls' Generation,2011-01-01,The Boys *Bring Dem Boys* - テディライリーリミックス,the-boys-dem
256,0.803,0.853,11,0.0436,0.0142,0.000161,0.327,0.799,127.97,264000,4,Girls' Generation,2011-01-01,The Boys *Bring The Boys Out* - David Anthony Remix,the-boys-the-boys-david-anthony-remix
257,0.86,0.904,6,0.0599,0.0138,0.000308,0.381,0.885,125.022,241200,4,Girls' Generation,2011-01-01,The Boys *Bring The Boys* - Teddy Riley Remix,the-boys-the-teddy-riley-remix
258,0.89,0.939,1,0.0896,0.149,0.0,0.111,0.877,114.995,228880,4,Girls' Generation,2011-01-01,The Boys,the-boys
259,0.728,0.901,10,0.0452,0.149,2.13e-05,0.37,0.741,128.023,225560,4,Girls' Generation,2011-01-01,Telepathy,telepathy
260,0.729,0.877,5,0.0566,0.127,1.72e-06,0.126,0.81,139.909,226667,4,Girls' Generation,2011-01-01,Say Yes,say-yes
261,0.672,0.874,6,0.0324,0.0857,0.0,0.0473,0.89,132.039,195547,4,Girls' Generation,2011-01-01,TRICK (Original Title : TYPICAL),trick-title
262,0.561,0.72,4,0.0316,0.157,0.0,0.262,0.428,134.122,234840,4,Girls' Generation,2011-01-01,How Great Is Your Love(Original Title : Still Believe In Love),how-great-is-your-title-still-believe-in
263,0.793,0.856,5,0.0361,0.386,0.0,0.146,0.864,121.015,233240,4,Girls' Generation,2011-01-01,My J,my-j
264,0.796,0.86,9,0.0385,0.0548,7.43e-06,0.354,0.632,100.045,203027,4,Girls' Generation,2011-01-01,OSCAR,oscar
265,0.767,0.792,9,0.0356,0.0359,1.72e-05,0.118,0.85,124.988,179080,4,Girls' Generation,2011-01-01,TOP SECRET (Original Title : Shake The Tree),top-secret-title-shake-the
266,0.746,0.701,0,0.0335,0.0249,0.0,0.487,0.725,137.976,185893,4,Girls' Generation,2011-01-01,Lazy Girl (Dolce Far Niente) (Original Title : Crazy Girl),lazy-girl-far-title-crazy
267,0.437,0.787,7,0.0355,0.684,0.0,0.251,0.439,159.812,230320,4,Girls' Generation,2011-01-01,Sunflower,sunflower
268,0.776,0.898,6,0.149,0.106,0.0,0.384,0.635,129.943,189120,4,Girls' Generation,2011-01-01,VITAMIN,vitamin
269,0.858,0.928,10,0.0933,0.0286,0.0,0.0886,0.889,122.008,212000,4,Girls' Generation,2011-01-01,MR. TAXI (Original Title : Mr. Taxi),taxi-title
270,0.588,0.586,11,0.0272,0.71,0.0,0.102,0.395,141.913,260835,4,Girls' Generation,2016-08-05,Sailing (0805),sailing
271,0.588,0.495,11,0.025,0.434,0.722,0.0976,0.382,142.003,260835,4,Girls' Generation,2016-08-05,Sailing (0805) - Instrumental,sailing-instrumental
272,0.753,0.887,10,0.0359,0.111,1.43e-05,0.0729,0.946,122.981,193814,4,Girls' Generation,2015-07-07,PARTY,party
273,0.752,0.866,2,0.0323,0.0883,0.0,0.209,0.582,99.979,206961,4,Girls' Generation,2015-07-07,Check,check
274,0.681,0.841,8,0.0369,0.00029,0.743,0.06,0.889,123.03,193814,4,Girls' Generation,2015-07-07,PARTY (inst.) - Instrumental,party-instrumental
275,0.737,0.828,9,0.274,0.0195,0.0,0.274,0.524,133.971,225853,4,Girls' Generation,2015-04-22,Catch Me If You Can,catch-me-if-you-can
276,0.417,0.649,9,0.0358,0.45,0.0,0.122,0.474,73.677,237053,4,Girls' Generation,2015-04-22,Girls,girls
277,0.714,0.852,9,0.274,0.0154,0.0,0.135,0.565,133.989,225173,4,Girls' Generation,2015-04-10,Catch Me If You Can - Korean Version,catch-me-if-you-can-korean-version
278,0.476,0.647,9,0.0338,0.695,0.0,0.106,0.349,75.022,236125,4,Girls' Generation,2015-04-10,Girls - Korean Version,girls-korean-version
279,0.398,0.741,11,0.0409,0.0732,0.0,0.113,0.543,89.042,217707,4,Girls' Generation,2014-07-16,Indestructible,indestructible
280,0.701,0.964,4,0.127,0.114,9.34e-06,0.153,0.484,113.058,235434,4,Girls' Generation,2014-02-24,Mr.Mr.,
281,0.726,0.755,6,0.071,0.328,0.0,0.144,0.621,120.045,193950,4,Girls' Generation,2014-02-24,Goodbye,goodbye
282,0.714,0.86,3,0.0816,0.0235,0.0,0.294,0.578,124.02,202026,4,Girls' Generation,2014-02-24,유로파 Europa,europa
283,0.654,0.895,6,0.0533,0.0696,4.28e-05,0.0653,0.929,133.998,204927,4,Girls' Generation,2014-02-24,Wait a Minute,wait-a-minute
284,0.589,0.738,8,0.0347,0.686,0.0,0.202,0.778,86.991,249360,4,Girls' Generation,2014-02-24,백허그 Back Hug,back-hug
285,0.725,0.958,2,0.0585,0.149,7.3e-06,0.678,0.457,115.013,226997,4,Girls' Generation,2014-02-24,Soul,soul
286,0.795,0.873,2,0.0691,0.234,0.228,0.12,0.964,124.987,190240,4,Girls' Generation,2013-11-05,My oh My,my-oh-my
287,0.74,0.963,9,0.0977,0.0237,0.00081,0.349,0.588,120.015,190453,4,Girls' Generation,2013-01-01,GALAXY SUPERNOVA,galaxy-supernova
288,0.666,0.963,0,0.0579,0.0243,0.0,0.128,0.717,129.961,241280,4,Girls' Generation,2013-01-01,DO THE CATWALK,do-the-catwalk
289,0.602,0.929,7,0.176,0.0206,0.00589,0.337,0.922,190.093,186973,4,Girls' Generation,2013-01-01,LOVE&GIRLS,
290,0.762,0.838,7,0.0461,0.164,0.0,0.034,0.777,97.016,187240,4,Girls' Generation,2013-01-01,リンガ・フランカ,
291,0.726,0.823,2,0.0326,0.0034,0.0,0.351,0.672,118.005,198760,4,Girls' Generation,2012-11-14,FLOWER POWER,flower-power
292,0.844,0.882,11,0.0731,0.325,0.0,0.255,0.962,144.028,201640,4,Girls' Generation,2012-11-14,BEEP BEEP,beep-beep
293,0.395,0.967,1,0.284,0.00456,3.01e-06,0.309,0.515,127.454,206947,4,Girls' Generation,2012-11-14,GIRLS’ GENERATION II Smash-Up,generation-ii
294,0.716,0.914,0,0.0324,0.414,2.59e-06,0.157,0.961,129.997,215280,4,Girls' Generation,2012-01-01,Dancing Queen,dancing-queen
295,0.829,0.937,10,0.098,0.0525,0.0,0.104,0.885,121.992,212987,4,Girls' Generation,2011-01-01,MR.TAXI,
296,0.841,0.89,11,0.0542,0.0945,2.11e-06,0.123,0.78,130.007,201507,4,Girls' Generation,2011-01-01,Run Devil Run - Dance ver.,run-devil-run-dance
297,0.883,0.946,1,0.0803,0.174,0.0,0.127,0.954,114.983,228880,4,Girls' Generation,2011-01-01,The Boys,the-boys
298,0.757,0.793,6,0.303,0.0217,7.16e-05,0.345,0.785,128.001,256777,4,Girls' Generation,2011-01-01,The Boys - Clinton Sparks & Disco Fries Remix,the-boys-clinton-sparks-disco-fries-remix
299,0.756,0.82,6,0.287,0.011,3.69e-05,0.347,0.784,127.991,256777,4,Girls' Generation,2011-01-01,The Boys - Clinton Sparks & Disco Fries Remix,the-boys-clinton-sparks-disco-fries-remix
300,0.825,0.722,1,0.081,0.0314,0.0,0.271,0.657,134.959,218720,4,Girls' Generation,2011-01-01,The Boys *Bring Dem Boys* - テディライリーリミックス,the-boys-dem
301,0.797,0.856,6,0.0413,0.0143,0.000132,0.253,0.815,127.998,265987,4,Girls' Generation,2011-01-01,The Boys *Bring The Boys Out* - David Anthony Remix,the-boys-the-boys-david-anthony-remix
302,0.862,0.902,6,0.0615,0.0111,0.000685,0.332,0.882,125.005,243187,4,Girls' Generation,2011-01-01,The Boys *Bring The Boys* - Teddy Riley Remix,the-boys-the-teddy-riley-remix
303,0.884,0.821,1,0.121,0.00927,0.653,0.109,0.217,115.03,228880,4,Girls' Generation,2011-01-01,The Boys - Instrumental,the-boys-instrumental
304,0.957,0.558,1,0.186,0.721,0.0,0.143,0.604,114.945,226907,4,Girls' Generation,2011-01-01,The Boys - A Cappella,the-boys-a
305,0.88,0.941,1,0.0792,0.175,0.0,0.221,0.936,114.99,226890,4,Girls' Generation,2011-01-01,The Boys,the-boys
306,0.884,0.834,6,0.12,0.00909,0.806,0.0888,0.22,115.045,226890,4,Girls' Generation,2011-01-01,The Boys - Instrumental,the-boys-instrumental
307,0.747,0.925,1,0.028,0.255,0.0,0.0987,0.762,99.982,200213,4,Girls' Generation,2011-01-01,Gee - Korean version,gee-korean-version
308,0.391,0.966,5,0.184,0.0317,0.0,0.4,0.508,179.71,181947,4,Girls' Generation,2011-01-01,Way to go,way-to-go
309,0.63,0.611,3,0.0492,0.623,0.0,0.146,0.461,133.954,243707,4,Girls' Generation,2011-01-01,Dear.Mom,
310,0.648,0.983,4,0.0975,0.192,0.0,0.253,0.704,173.906,203920,4,Girls' Generation,2011-01-01,Destiny,destiny
311,0.533,0.861,1,0.0941,0.0836,2.32e-05,0.0511,0.722,112.653,251600,4,Girls' Generation,2011-01-01,Let's talk about LOVE,talk-about-love
312,0.762,0.844,9,0.0973,0.122,5.59e-06,0.705,0.722,122.997,230547,4,Girls' Generation,2011-01-01,Genie,genie
313,0.714,0.907,4,0.0788,0.336,0.0,0.0894,0.617,128.038,193853,4,Girls' Generation,2011-01-01,Etude,
314,0.669,0.857,0,0.0729,0.0489,0.0,0.0775,0.892,74.992,199200,4,Girls' Generation,2011-01-01,Girlfriend,girlfriend
315,0.822,0.88,0,0.0521,0.0696,8.15e-05,0.0907,0.935,124.034,230573,4,Girls' Generation,2011-01-01,Boyfriend,boyfriend
316,0.66,0.724,6,0.0445,0.586,0.0,0.0996,0.561,119.965,216773,4,Girls' Generation,2011-01-01,My Child,my-child
317,0.557,0.656,11,0.0277,0.469,0.0,0.126,0.243,129.869,241187,4,Girls' Generation,2011-01-01,One Year Later,one-year-later
318,0.768,0.922,1,0.0286,0.255,0.0,0.0822,0.776,100.014,201440,4,Girls' Generation,2010-10-20,Gee,gee
319,0.771,0.892,9,0.111,0.248,0.0,0.637,0.819,122.981,222520,4,Girls' Generation,2010-09-08,GENIE,genie
320,0.684,0.977,7,0.0561,0.0615,9.64e-06,0.843,0.925,128.063,197627,4,Girls' Generation,2010-01-01,HOOT,hoot
321,0.6,0.639,2,0.029,0.275,0.0,0.127,0.131,123.979,247027,4,Girls' Generation,2010-01-01,Mistake,mistake
322,0.738,0.837,5,0.0568,0.479,0.0,0.681,0.896,119.995,204920,4,Girls' Generation,2010-01-01,My Best Friend,my-best-friend
323,0.856,0.665,8,0.077,0.0511,0.0019,0.0327,0.713,120.006,195187,4,Girls' Generation,2010-01-01,Wake Up,wake-up
324,0.708,0.834,1,0.0524,0.279,0.0,0.224,0.26,121.962,208587,4,Girls' Generation,2010-01-01,Snowy Wish,snowy-wish
325,0.709,0.843,10,0.33,0.0783,0.0,0.852,0.615,115.464,189887,4,Girls' Generation,2018-09-15,Lil' Touch Dancehall,touch
326,0.375,0.421,0,0.0267,0.892,8.78e-05,0.156,0.201,155.85,203267,4,Girls' Generation,2012-01-01,Don’t say no,say-no
327,0.521,0.703,8,0.0397,0.333,0.934,0.0957,0.587,103.062,53253,4,Girls' Generation,2008-09-17,운명,
328,0.279,0.406,1,0.032,0.524,0.673,0.126,0.351,95.158,161973,3,Girls' Generation,2008-09-17,무대위로,
329,0.422,0.458,8,0.0319,0.632,0.0,0.113,0.227,135.945,277827,4,Girls' Generation,2008-09-17,내 사람,
330,0.534,0.276,0,0.0382,0.912,0.76,0.0768,0.725,154.811,103120,3,Girls' Generation,2008-09-17,천방지축 두루미,
331,0.16,0.278,10,0.0338,0.929,0.808,0.119,0.0704,67.896,143040,4,Girls' Generation,2008-09-17,베토벤을 생각하며,
332,0.658,0.34,2,0.0352,0.967,0.955,0.372,0.847,119.994,135987,3,Girls' Generation,2008-09-17,도전,
333,0.428,0.464,10,0.033,0.797,0.0,0.109,0.163,133.459,242227,4,Girls' Generation,2008-09-17,들리나요…,
334,0.153,0.209,2,0.0427,0.559,0.915,0.135,0.0368,135.894,233600,4,Girls' Generation,2008-09-17,기다림,
335,0.236,0.285,5,0.0464,0.977,0.887,0.0966,0.127,76.428,151813,4,Girls' Generation,2008-09-17,Maestro,maestro
336,0.427,0.575,11,0.0361,0.54,0.0,0.116,0.457,143.776,233347,4,Girls' Generation,2008-09-17,한 사람 때문에..,
337,0.555,0.954,11,0.111,0.0309,0.0919,0.305,0.511,119.941,114880,4,Girls' Generation,2008-09-17,Passion,passion
338,0.0746,0.31,7,0.0341,0.94,0.882,0.109,0.0798,78.77,217933,4,Girls' Generation,2008-09-17,그렇게 바라만 보며,
339,0.643,0.613,8,0.0282,0.52,0.0,0.143,0.56,101.053,234133,4,Girls' Generation,2008-09-17,사랑은 선율을 타고 (Day By Day),by
340,0.141,0.215,2,0.0437,0.88,0.79,0.175,0.326,187.058,132067,4,Girls' Generation,2008-09-17,내일을 향해,
341,0.344,0.309,9,0.0329,0.882,0.819,0.112,0.335,129.691,160547,3,Girls' Generation,2008-09-17,설레임,
342,0.752,0.521,9,0.0259,0.298,1.52e-05,0.123,0.677,115.033,234080,4,Girls' Generation,2008-09-17,My Humming,my-humming
343,0.334,0.236,7,0.039,0.967,0.918,0.154,0.28,120.385,138680,4,Girls' Generation,2008-09-17,달려라 강건우,
344,0.171,0.442,5,0.0339,0.742,0.892,0.115,0.291,140.184,152760,4,Girls' Generation,2008-09-17,열정의 팀,
345,0.34,0.576,9,0.0286,0.331,0.000671,0.109,0.514,183.894,257640,4,Girls' Generation,2008-09-17,미래의 꿈,
346,0.224,0.292,2,0.0344,0.907,0.797,0.117,0.149,64.145,156080,4,Girls' Generation,2008-09-17,사랑할 수 있어요,
347,0.188,0.132,11,0.0354,0.958,0.904,0.184,0.0758,177.743,209253,3,Girls' Generation,2008-09-17,행복을 꿈꾸다,
348,0.136,0.452,3,0.0315,0.745,0.847,0.111,0.0902,78.805,241280,4,Girls' Generation,2008-09-17,마지막 콘서트,
349,0.714,0.736,2,0.0457,0.191,0.0,0.0553,0.814,149.985,210818,4,Red Velvet,2018-01-29,Bad Boy,bad-boy
350,0.721,0.924,7,0.0524,0.135,0.0,0.0427,0.801,124.024,229097,4,Red Velvet,2018-01-29,All Right,all-right
351,0.839,0.902,1,0.0536,0.0868,0.00257,0.272,0.639,114.953,189050,4,Red Velvet,2018-01-29,피카부 Peek-A-Boo,
352,0.761,0.785,7,0.052,0.0792,0.000112,0.142,0.78,111.037,245599,4,Red Velvet,2018-01-29,봐 Look,look
353,0.686,0.752,7,0.0322,0.586,2.47e-06,0.364,0.906,149.998,188304,4,Red Velvet,2018-01-29,I Just,i-just
354,0.572,0.743,5,0.12,0.235,5.93e-06,0.0761,0.678,170.123,210162,4,Red Velvet,2018-01-29,Kingdom Come,kingdom-come
355,0.41,0.654,9,0.067,0.14,0.0,0.126,0.341,184.736,195249,4,Red Velvet,2018-01-29,Time To Love,time-to-love
356,0.832,0.759,2,0.0751,0.089,6e-05,0.0565,0.767,94.999,194591,4,Red Velvet,2018-01-29,두 번째 데이트 My Second Date,my-second-date
357,0.774,0.785,9,0.216,0.022,0.0,0.138,0.646,104.959,196837,4,Red Velvet,2018-01-29,Attaboy,
358,0.709,0.572,8,0.0514,0.56,0.0,0.331,0.564,121.9,209779,4,Red Velvet,2018-01-29,Perfect 10,perfect-10
359,0.611,0.82,6,0.204,0.162,0.0,0.17,0.78,191.908,205975,4,Red Velvet,2018-01-29,About Love,about-love
360,0.634,0.482,9,0.0269,0.654,0.0,0.091,0.32,123.983,220607,3,Red Velvet,2018-01-29,달빛 소리 Moonlight Melody,moonlight-melody
361,0.839,0.902,1,0.0536,0.0868,0.00257,0.272,0.639,114.953,189050,4,Red Velvet,2017-11-17,피카부 Peek-A-Boo,
362,0.761,0.785,7,0.052,0.0792,0.000112,0.142,0.78,111.037,245599,4,Red Velvet,2017-11-17,봐 Look,look
363,0.686,0.752,7,0.0322,0.586,2.47e-06,0.364,0.906,149.998,188304,4,Red Velvet,2017-11-17,I Just,i-just
364,0.572,0.743,5,0.12,0.235,5.93e-06,0.0761,0.678,170.123,210162,4,Red Velvet,2017-11-17,Kingdom Come,kingdom-come
365,0.832,0.759,2,0.0751,0.089,6e-05,0.0565,0.767,94.999,194591,4,Red Velvet,2017-11-17,두 번째 데이트 My Second Date,my-second-date
366,0.774,0.785,9,0.216,0.022,0.0,0.138,0.646,104.959,196837,4,Red Velvet,2017-11-17,Attaboy,
367,0.709,0.572,8,0.0514,0.56,0.0,0.331,0.564,121.9,209779,4,Red Velvet,2017-11-17,Perfect 10,perfect-10
368,0.611,0.82,6,0.204,0.162,0.0,0.17,0.78,191.908,205975,4,Red Velvet,2017-11-17,About Love,about-love
369,0.634,0.482,9,0.0269,0.654,0.0,0.091,0.32,123.983,220607,3,Red Velvet,2017-11-17,달빛 소리 Moonlight Melody,moonlight-melody
370,0.436,0.509,6,0.0345,0.475,0.0,0.101,0.11,133.653,261942,4,Red Velvet,2016-03-17,7월 7일 One Of These Nights,one-of-these-nights
371,0.664,0.719,7,0.0475,0.207,0.0,0.199,0.824,153.039,233478,4,Red Velvet,2016-03-17,Cool Hot Sweet Love,cool-hot-sweet-love
372,0.612,0.908,6,0.094,0.597,0.0,0.159,0.688,120.013,212997,4,Red Velvet,2016-03-17,Light Me Up,light-me-up
373,0.53,0.536,9,0.0302,0.504,0.0,0.112,0.312,129.878,242305,4,Red Velvet,2016-03-17,처음인가요 First Time,first-time
374,0.41,0.333,10,0.0336,0.878,0.0,0.152,0.208,127.791,292157,4,Red Velvet,2016-03-17,장미꽃 향기는 바람에 날리고 Rose Scent Breeze,rose-scent-breeze
375,0.577,0.498,1,0.0333,0.489,0.0,0.116,0.178,133.606,251527,4,Red Velvet,2016-03-17,7월 7일 One Of These Nights - De-Capo Version,one-of-these-nights-version
376,0.566,0.616,6,0.0336,0.271,0.0,0.102,0.0813,133.736,247111,4,Red Velvet,2016-03-17,7월 7일 One Of These Nights - Joe Millionaire Version,one-of-these-nights-joe-millionaire-version
377,0.582,0.318,1,0.0366,0.819,0.0,0.135,0.139,133.73,245254,4,Red Velvet,2016-03-17,7월 7일 One Of These Nights - Piano Version,one-of-these-nights-piano-version
378,0.778,0.789,7,0.0503,0.0334,2.05e-06,0.225,0.799,145.99,202543,4,Red Velvet,2015-09-09,Dumb Dumb,dumb-dumb
379,0.744,0.892,2,0.0806,0.0281,0.0,0.0563,0.812,103.988,181379,4,Red Velvet,2015-09-09,Huff n Puff,huff-n-puff
380,0.714,0.721,11,0.104,0.0315,0.0,0.108,0.455,89.991,196563,4,Red Velvet,2015-09-09,Campfire,campfire
381,0.763,0.856,0,0.0419,0.00788,1.43e-05,0.329,0.615,120.001,182301,4,Red Velvet,2015-09-09,Red Dress,red-dress
382,0.701,0.766,9,0.0472,0.0176,0.0,0.228,0.366,93.99,188948,4,Red Velvet,2015-09-09,Oh Boy,oh-boy
383,0.742,0.738,5,0.0379,0.565,0.0,0.305,0.851,107.024,195611,4,Red Velvet,2015-09-09,Lady's Room,room
384,0.897,0.58,8,0.0503,0.0422,3.11e-06,0.0578,0.59,99.982,219299,4,Red Velvet,2015-09-09,Time Slip,time-slip
385,0.595,0.838,6,0.235,0.222,0.0,0.0731,0.749,98.946,171403,4,Red Velvet,2015-09-09,Don't U Wait No More,u-wait-no-more
386,0.645,0.884,1,0.0968,0.112,0.0,0.179,0.708,171.93,206358,4,Red Velvet,2015-09-09,Day 1,day-1
387,0.747,0.941,9,0.133,0.0876,0.0,0.0438,0.525,115.002,245589,4,Red Velvet,2015-09-09,Cool World,cool-world
388,0.732,0.934,8,0.144,0.0774,0.00745,0.306,0.898,159.998,202040,4,Red Velvet,2018-08-06,Power Up,power-up
389,0.7,0.8,7,0.0965,0.184,0.0,0.202,0.617,102.964,207800,4,Red Velvet,2018-08-06,With You,with-you
390,0.467,0.813,11,0.345,0.261,1.13e-05,0.341,0.793,194.065,218773,4,Red Velvet,2018-08-06,Mr. E,e
391,0.756,0.851,5,0.0475,0.0817,1.15e-05,0.187,0.551,96.057,191147,4,Red Velvet,2018-08-06,Mosquito,mosquito
392,0.698,0.984,6,0.0989,0.173,1.82e-05,0.495,0.519,128.028,192160,4,Red Velvet,2018-08-06,Hit That Drum,hit-that-drum
393,0.749,0.825,0,0.0438,0.0452,0.0,0.0966,0.455,120.014,196093,4,Red Velvet,2018-08-06,Blue Lemonade,blue-lemonade
394,0.723,0.726,2,0.043,0.21,0.0,0.061,0.839,150.011,208667,4,Red Velvet,2018-08-06,Bad Boy - (English Version) [Bonus Track],bad-boy
395,0.682,0.959,11,0.0969,0.0159,0.0,0.19,0.893,158.924,213693,4,Red Velvet,2018-07-04,#Cookie Jar,jar
396,0.754,0.729,9,0.0484,0.0314,1.77e-05,0.162,0.906,131.985,194800,4,Red Velvet,2018-07-04,Aitai-tai,
397,0.697,0.521,9,0.0328,0.222,0.0,0.158,0.575,116.95,179960,4,Red Velvet,2018-07-04,Cause it's you,cause-you
398,0.775,0.792,7,0.0554,0.0661,0.0,0.331,0.86,145.986,202560,4,Red Velvet,2018-07-04,Dumb Dumb,dumb-dumb
399,0.706,0.902,7,0.0352,0.00909,0.00137,0.17,0.964,130.024,211213,4,Red Velvet,2018-07-04,Russian Roulette,russian-roulette
400,0.708,0.91,9,0.172,0.0364,0.0,0.0873,0.588,125.029,191640,4,Red Velvet,2018-07-04,Red Flavor,red-flavor
401,0.682,0.96,11,0.0951,0.0164,1.05e-06,0.186,0.893,158.941,213693,4,Red Velvet,2018-06-13,#Cookie Jar,jar
402,0.695,0.519,9,0.0327,0.213,0.0,0.158,0.587,116.966,179960,4,Red Velvet,2018-06-13,Cause it's you,cause-you
403,0.763,0.905,11,0.102,0.0668,0.0,0.0593,0.811,118.016,193609,4,Red Velvet,2018-01-29,그림자,
404,0.696,0.647,11,0.0351,0.296,0.0,0.146,0.411,111.851,226968,4,Red Velvet,2018-01-29,떠날 거야,
405,0.769,0.569,6,0.0503,0.31,0.000101,0.0674,0.755,86.983,213280,4,Red Velvet,2017-08-18,환생 Rebirth,rebirth
406,0.743,0.548,2,0.0574,0.0387,0.878,0.125,0.629,173.985,213306,4,Red Velvet,2017-08-18,환생 Rebirth - Instrumental,rebirth-instrumental
407,0.709,0.917,9,0.189,0.0409,0.0,0.0839,0.515,125.042,191139,4,Red Velvet,2017-07-09,빨간 맛 Red Flavor,red-flavor
408,0.611,0.668,9,0.044,0.256,0.0,0.096,0.402,119.978,250498,4,Red Velvet,2017-07-09,You Better Know,you-better-know
409,0.667,0.905,1,0.16,0.0366,0.0,0.71,0.697,109.021,204833,4,Red Velvet,2017-07-09,Zoo,zoo
410,0.623,0.8,11,0.0554,0.164,0.0,0.359,0.697,150.988,184737,4,Red Velvet,2017-07-09,여름빛 Mojito,
411,0.626,0.565,9,0.0298,0.533,0.0,0.157,0.471,90.982,202110,4,Red Velvet,2017-07-09,바다가 들려 Hear The Sea,hear-the-sea
412,0.758,0.627,5,0.0528,0.497,0.0,0.204,0.544,93.957,203831,4,Red Velvet,2017-03-31,Would U,would-u
413,0.668,0.681,5,0.178,0.127,0.786,0.13,0.482,188.004,203831,4,Red Velvet,2017-03-31,Would U - Instrumental,would-u-instrumental
414,0.683,0.938,8,0.288,0.0888,0.0,0.331,0.868,164.1,197638,4,Red Velvet,2017-02-01,Rookie,rookie
415,0.592,0.711,9,0.0383,0.28,0.0,0.0694,0.279,91.926,239811,4,Red Velvet,2017-02-01,Little Little,little-little
416,0.665,0.651,8,0.0801,0.0399,3.02e-05,0.0504,0.906,155.984,201645,4,Red Velvet,2017-02-01,Happily Ever After,happily-ever-after
417,0.584,0.813,8,0.171,0.288,3.68e-06,0.345,0.881,164.79,212109,4,Red Velvet,2017-02-01,Talk To Me,talk-to-me
418,0.526,0.828,6,0.07,0.00652,4.05e-05,0.147,0.158,185.946,219320,4,Red Velvet,2017-02-01,Body Talk,body-talk
419,0.331,0.509,6,0.0331,0.565,0.0,0.108,0.137,129.479,294123,4,Red Velvet,2017-02-01,마지막 사랑 Last Love,last-love
420,0.726,0.903,7,0.0357,0.055,0.000225,0.158,0.958,129.986,211244,4,Red Velvet,2016-09-07,러시안 룰렛 Russian Roulette,russian-roulette
421,0.6,0.828,6,0.207,0.0299,0.0,0.334,0.66,169.758,203438,4,Red Velvet,2016-09-07,Lucky Girl,lucky-girl
422,0.644,0.931,0,0.116,0.207,0.0,0.232,0.668,93.986,188331,4,Red Velvet,2016-09-07,Bad Dracula,bad-dracula
423,0.747,0.841,4,0.0787,0.0844,0.0,0.38,0.605,95.028,240405,4,Red Velvet,2016-09-07,Sunny Afternoon,sunny-afternoon
424,0.634,0.699,1,0.109,0.527,5.99e-05,0.0673,0.774,177.941,233540,4,Red Velvet,2016-09-07,Fool,fool
425,0.744,0.907,7,0.0567,0.0649,0.000685,0.272,0.746,99.988,196818,4,Red Velvet,2016-09-07,Some Love,some-love
426,0.55,0.798,6,0.131,0.327,0.0,0.0905,0.847,201.965,214842,4,Red Velvet,2016-09-07,My Dear,my-dear
427,0.708,0.95,0,0.0458,0.0874,0.0,0.0631,0.905,140.016,192497,4,Red Velvet,2016-05-02,Yossism (Music from Telemonster),from
428,0.563,0.534,5,0.0273,0.643,0.0,0.0989,0.344,114.161,238787,3,Red Velvet,2015-12-18,세가지 소원 Wish Tree,wish-tree
429,0.58,0.935,9,0.189,0.0318,0.0,0.0977,0.603,172.023,191440,4,Red Velvet,2015-03-17,Ice Cream Cake,ice-cream-cake
430,0.598,0.604,5,0.252,0.0996,0.0,0.387,0.707,179.938,210160,4,Red Velvet,2015-03-17,Automatic,automatic
431,0.72,0.828,0,0.0408,0.395,0.0,0.114,0.786,104.045,199867,4,Red Velvet,2015-03-17,Somethin Kinda Crazy,kinda-crazy
432,0.699,0.78,11,0.129,0.0197,0.000119,0.629,0.834,123.041,209013,4,Red Velvet,2015-03-17,Stupid Cupid,stupid-cupid
433,0.758,0.583,0,0.0315,0.199,0.0,0.102,0.345,104.007,211760,4,Red Velvet,2015-03-17,Take It Slow,take-it-slow
434,0.554,0.577,4,0.0346,0.593,0.0,0.178,0.316,135.921,262200,4,Red Velvet,2015-03-17,Candy,candy
435,0.58,0.935,9,0.189,0.0318,0.0,0.0977,0.603,172.023,191440,4,Red Velvet,2015-03-17,Ice Cream Cake,ice-cream-cake
436,0.598,0.604,5,0.252,0.0996,0.0,0.387,0.707,179.938,210160,4,Red Velvet,2015-03-17,Automatic,automatic
437,0.72,0.828,0,0.0408,0.395,0.0,0.114,0.786,104.045,199867,4,Red Velvet,2015-03-17,Somethin Kinda Crazy,kinda-crazy
438,0.699,0.78,11,0.129,0.0197,0.000119,0.629,0.834,123.041,209013,4,Red Velvet,2015-03-17,Stupid Cupid,stupid-cupid
439,0.758,0.583,0,0.0315,0.199,0.0,0.102,0.345,104.007,211760,4,Red Velvet,2015-03-17,Take It Slow,take-it-slow
440,0.554,0.577,4,0.0346,0.593,0.0,0.178,0.316,135.921,262200,4,Red Velvet,2015-03-17,사탕 (Candy),
441,0.58,0.868,10,0.316,0.123,0.0,0.302,0.772,178.002,280451,4,Red Velvet,2014-10-13,Be Natural,be-natural
442,0.58,0.868,10,0.316,0.123,0.0,0.302,0.772,178.002,280451,4,Red Velvet,2014-10-13,Be Natural,be-natural
443,0.727,0.871,10,0.158,0.323,6.21e-06,0.725,0.681,121.438,220987,4,Red Velvet,2014-08-01,행복 (Happiness),
444,0.637,0.841,11,0.0629,0.29,0.0,0.244,0.692,129.976,219589,4,Wanna One,2018-03-19,Gold,gold
445,0.652,0.831,8,0.0436,0.102,0.0,0.229,0.744,130.033,220529,4,Wanna One,2018-03-19,I Promise You (I.P.U.),i-promise-you
446,0.73,0.913,1,0.0781,0.0292,0.0,0.104,0.737,99.974,183475,4,Wanna One,2018-03-19,Boomerang,boomerang
447,0.682,0.83,0,0.128,0.0737,0.0,0.255,0.577,112.097,201470,4,Wanna One,2018-03-19,We Are,we-are
448,0.622,0.803,6,0.0939,0.0832,0.0,0.331,0.668,173.948,186067,4,Wanna One,2018-03-19,Day By Day,day-by-day
449,0.396,0.705,11,0.0608,0.515,0.0,0.111,0.331,149.976,214692,4,Wanna One,2018-03-19,I'll Remember,remember
450,0.602,0.491,8,0.0378,0.593,0.0,0.0768,0.313,129.821,258827,4,Wanna One,2018-03-19,I Promise You - Propose Ver.,i-promise-you-propose
451,0.637,0.841,11,0.0629,0.29,0.0,0.244,0.692,129.976,219589,4,Wanna One,2018-03-19,GOLD,gold
452,0.652,0.831,8,0.0436,0.102,0.0,0.229,0.744,130.033,220529,4,Wanna One,2018-03-19,I PROMISE YOU (I.P.U.),i-promise-you
453,0.73,0.913,1,0.0781,0.0292,0.0,0.104,0.737,99.974,183475,4,Wanna One,2018-03-19,BOOMERANG,boomerang
454,0.682,0.83,0,0.128,0.0737,0.0,0.255,0.577,112.097,201470,4,Wanna One,2018-03-19,WE ARE,we-are
455,0.622,0.803,6,0.0939,0.0832,0.0,0.331,0.668,173.948,186067,4,Wanna One,2018-03-19,DAY BY DAY,day-by-day
456,0.396,0.705,11,0.0608,0.515,0.0,0.111,0.331,149.976,214692,4,Wanna One,2018-03-19,I'LL REMEMBER,remember
457,0.602,0.491,8,0.0378,0.593,0.0,0.0768,0.313,129.821,258827,4,Wanna One,2018-03-19,I PROMISE YOU (Propose Ver.),i-promise-you
458,0.493,0.814,1,0.0741,0.177,0.0,0.34,0.418,166.59,83272,4,Wanna One,2017-11-13,Nothing Without You - Intro.,nothing-without-you
459,0.507,0.855,0,0.15,0.415,0.0,0.331,0.391,159.808,196799,4,Wanna One,2017-11-13,Beautiful,beautiful
460,0.595,0.806,0,0.0567,0.0324,0.0,0.17,0.506,89.974,219954,4,Wanna One,2017-11-13,갖고 싶어 Wanna,wanna
461,0.6,0.898,1,0.0649,0.0799,0.0,0.0777,0.379,128.05,194159,4,Wanna One,2017-11-13,Twilight,twilight
462,0.568,0.893,11,0.101,0.0676,0.0,0.314,0.603,128.034,216845,4,Wanna One,2017-11-13,활활 Burn It Up - Prequel Remix,burn-it-up-prequel-remix
463,0.722,0.827,0,0.0626,0.0115,0.0,0.668,0.509,125.03,255629,4,Wanna One,2017-11-13,에너제틱 Energetic - Prequel Remix,energetic-prequel-remix
464,0.73,0.895,1,0.276,0.0578,0.0,0.11,0.834,105.989,201107,4,Wanna One,2017-11-13,Wanna Be My Baby,wanna-be-my-baby
465,0.714,0.886,0,0.0461,0.058,0.0,0.112,0.752,125.046,189356,4,Wanna One,2017-11-13,에너제틱 Energetic,energetic
466,0.642,0.849,11,0.0563,0.0461,0.0,0.398,0.601,127.923,214942,4,Wanna One,2017-11-13,활활 Burn It Up,burn-it-up
467,0.396,0.665,0,0.0562,0.208,0.0,0.145,0.366,175.349,81037,3,Wanna One,2017-11-13,To Be One - Outro.,to-be-one
468,0.493,0.814,1,0.0741,0.177,0.0,0.34,0.418,166.59,83272,4,Wanna One,2017-11-13,Nothing Without You (Intro.),nothing-without-you
469,0.507,0.855,0,0.15,0.415,0.0,0.331,0.391,159.808,196799,4,Wanna One,2017-11-13,Beautiful,beautiful
470,0.595,0.806,0,0.0567,0.0324,0.0,0.17,0.506,89.974,219954,4,Wanna One,2017-11-13,Wanna,wanna
471,0.6,0.898,1,0.0649,0.0799,0.0,0.0777,0.379,128.05,194159,4,Wanna One,2017-11-13,Twilight,twilight
472,0.568,0.893,11,0.101,0.0676,0.0,0.314,0.603,128.034,216845,4,Wanna One,2017-11-13,Burn It Up (Prequel Remix),burn-it-up
473,0.722,0.827,0,0.0626,0.0115,0.0,0.668,0.509,125.03,255629,4,Wanna One,2017-11-13,Energetic (Prequel Remix),energetic
474,0.73,0.895,1,0.276,0.0578,0.0,0.11,0.834,105.989,201107,4,Wanna One,2017-11-13,Wanna Be (My Baby),wanna-be
475,0.714,0.886,0,0.0461,0.058,0.0,0.112,0.752,125.046,189356,4,Wanna One,2017-11-13,Energetic,energetic
476,0.642,0.849,11,0.0563,0.0461,0.0,0.398,0.601,127.923,214942,4,Wanna One,2017-11-13,Burn It Up,burn-it-up
477,0.396,0.665,0,0.0562,0.208,0.0,0.145,0.366,175.349,81037,3,Wanna One,2017-11-13,To Be One (Outro.),to-be-one
478,0.683,0.929,1,0.119,0.214,0.0,0.216,0.726,139.932,209510,4,Wanna One,2018-06-04,Light,light
479,0.794,0.646,8,0.235,0.0873,0.0,0.282,0.711,139.97,223081,4,Wanna One,2018-06-04,Kangaroo (Prod. ZICO),kangaroo
480,0.522,0.55,4,0.0285,0.538,0.0,0.0957,0.187,118.988,268714,3,Wanna One,2018-06-04,Forever And A Day (Prod. NELL),forever-and-a-day
481,0.618,0.693,10,0.0941,0.327,0.0,0.139,0.319,94.817,228714,4,Wanna One,2018-06-04,Sandglass (Prod. Heize),
482,0.463,0.647,6,0.0761,0.241,0.0,0.286,0.503,129.065,209479,4,Wanna One,2018-06-04,11 (Eleven) (Prod. Dynamic Duo),11-dynamic
483,0.683,0.929,1,0.119,0.214,0.0,0.216,0.726,139.932,209510,4,Wanna One,2018-06-04,Light,light
484,0.794,0.646,8,0.235,0.0873,0.0,0.282,0.711,139.97,223081,4,Wanna One,2018-06-04,Kangaroo,kangaroo
485,0.522,0.55,4,0.0285,0.538,0.0,0.0957,0.187,118.988,268714,3,Wanna One,2018-06-04,Forever and a Day,forever-and-a-day
486,0.618,0.693,10,0.0941,0.327,0.0,0.139,0.319,94.817,228714,4,Wanna One,2018-06-04,Sandglass,
487,0.463,0.647,6,0.0761,0.241,0.0,0.286,0.503,129.065,209479,4,Wanna One,2018-06-04,11 (Eleven),11
488,0.727,0.973,11,0.153,0.229,0.0,0.239,0.308,119.868,61028,4,Wanna One,2017-08-25,To Be One (Intro.),to-be-one
489,0.642,0.849,11,0.0563,0.0461,0.0,0.398,0.601,127.923,214942,4,Wanna One,2017-08-25,활활 (Burn It Up),it
490,0.714,0.886,0,0.0461,0.058,0.0,0.112,0.752,125.046,189356,4,Wanna One,2017-08-25,에너제틱 (Energetic),
491,0.73,0.895,1,0.276,0.0578,0.0,0.11,0.834,105.989,201107,4,Wanna One,2017-08-25,Wanna Be (My Baby),wanna-be
492,0.473,0.385,6,0.0287,0.753,0.0,0.127,0.523,147.83,257948,4,Wanna One,2017-08-25,이 자리에 - Acoustic Ver.,acoustic
493,0.727,0.973,11,0.153,0.229,0.0,0.239,0.308,119.868,61028,4,Wanna One,2017-08-08,To Be One (Intro.),to-be-one
494,0.642,0.849,11,0.0563,0.0461,0.0,0.398,0.601,127.923,214942,4,Wanna One,2017-08-08,Burn It Up,burn-it-up
495,0.714,0.886,0,0.0461,0.058,0.0,0.112,0.752,125.046,189356,4,Wanna One,2017-08-08,Energetic,energetic
496,0.73,0.895,1,0.276,0.0578,0.0,0.11,0.834,105.989,201107,4,Wanna One,2017-08-08,Wanna Be (My Baby),wanna-be
497,0.473,0.385,6,0.0287,0.753,0.0,0.127,0.523,147.83,257948,4,Wanna One,2017-08-08,Always (Acoustic Ver.),always
